rank,ticker,name,market_cap_krw,market_cap_h,sector,market
1,005930.KS,삼성전자,1515647700000000,1515.65조,전기·전자,KOSPI
2,000660.KS,SK하이닉스,1349858300000000,1349.86조,전기·전자,KOSPI
3,402340.KS,SK스퀘어,154655200000000,154.66조,금융,KOSPI
4,009150.KS,삼성전기,97176500000000,97.18조,전기·전자,KOSPI
5,005380.KS,현대차,91322000000000,91.32조,운송장비·부품,KOSPI
6,373220.KS,LG에너지솔루션,77103000000000,77.10조,전기·전자,KOSPI
7,105560.KS,KB금융,66184700000000,66.18조,금융,KOSPI
8,032830.KS,삼성생명,64800000000000,64.80조,보험,KOSPI
9,207940.KS,삼성바이오로직스,64668500000000,64.67조,제약,KOSPI
10,028260.KS,삼성물산,58542500000000,58.54조,유통,KOSPI
11,000270.KS,기아,55946200000000,55.95조,운송장비·부품,KOSPI
12,055550.KS,신한지주,51689900000000,51.69조,금융,KOSPI
13,329180.KS,HD현대중공업,51326000000000,51.33조,운송장비·부품,KOSPI
14,012450.KS,한화에어로스페이스,48366500000000,48.37조,운송장비·부품,KOSPI
15,034020.KS,두산에너빌리티,46953100000000,46.95조,기계·장비,KOSPI
16,012330.KS,현대모비스,44277500000000,44.28조,운송장비·부품,KOSPI
17,034730.KS,SK,42776600000000,42.78조,금융,KOSPI
18,068270.KS,셀트리온,40650400000000,40.65조,제약,KOSPI
19,086790.KS,하나금융지주,36436000000000,36.44조,금융,KOSPI
20,006400.KS,삼성SDI,35820300000000,35.82조,전기·전자,KOSPI
21,066570.KS,LG전자,30540900000000,30.54조,전기·전자,KOSPI
22,035420.KS,NAVER,29489800000000,29.49조,IT 서비스,KOSPI
23,267260.KS,HD현대일렉트릭,28477200000000,28.48조,전기·전자,KOSPI
24,000810.KS,삼성화재,28440400000000,28.44조,보험,KOSPI
25,010120.KS,LS ELECTRIC,27570000000000,27.57조,전기·전자,KOSPI
26,298040.KS,효성중공업,24840600000000,24.84조,전기·전자,KOSPI
27,005490.KS,POSCO홀딩스,24446000000000,24.45조,금속,KOSPI
28,009540.KS,HD한국조선해양,24275200000000,24.28조,금융,KOSPI
29,042660.KS,한화오션,24237300000000,24.24조,운송장비·부품,KOSPI
30,316140.KS,우리금융지주,22752800000000,22.75조,금융,KOSPI
31,006800.KS,미래에셋증권,22382700000000,22.38조,증권,KOSPI
32,015760.KS,한국전력,22083600000000,22.08조,전기·가스,KOSPI
33,010130.KS,고려아연,21373900000000,21.37조,금속,KOSPI
34,000150.KS,두산,20209900000000,20.21조,전기·전자,KOSPI
35,042700.KS,한미반도체,19824900000000,19.82조,기계·장비,KOSPI
36,138040.KS,메리츠금융지주,19613100000000,19.61조,금융,KOSPI
37,010140.KS,삼성중공업,19492000000000,19.49조,운송장비·부품,KOSPI
38,064350.KS,현대로템,18543300000000,18.54조,운송장비·부품,KOSPI
39,011200.KS,HMM,18478000000000,18.48조,운송·창고,KOSPI
40,051910.KS,LG화학,18459900000000,18.46조,화학,KOSPI
41,096770.KS,SK이노베이션,18443700000000,18.44조,화학,KOSPI
42,017670.KS,SK텔레콤,18343100000000,18.34조,통신,KOSPI
43,033780.KS,KT&G,18104500000000,18.10조,음식료·담배,KOSPI
44,024110.KS,기업은행,16825700000000,16.83조,금융,KOSPI
45,079550.KS,LIG디펜스앤에어로스페이스,16126000000000,16.13조,금속,KOSPI
46,011070.KS,LG이노텍,15620300000000,15.62조,전기·전자,KOSPI
47,010950.KS,S-Oil,15592700000000,15.59조,화학,KOSPI
48,267250.KS,HD현대,15569500000000,15.57조,금융,KOSPI
49,035720.KS,카카오,15349300000000,15.35조,IT 서비스,KOSPI
50,003550.KS,LG,15104100000000,15.10조,금융,KOSPI
51,018260.KS,삼성에스디에스,14841100000000,14.84조,IT 서비스,KOSPI
52,278470.KS,에이피알,14245200000000,14.25조,화학,KOSPI
53,047810.KS,한국항공우주,14133900000000,14.13조,운송장비·부품,KOSPI
54,086280.KS,현대글로비스,14092500000000,14.09조,운송·창고,KOSPI
55,003670.KS,포스코퓨처엠,13386400000000,13.39조,전기·전자,KOSPI
56,030200.KS,케이티,13155500000000,13.16조,통신,KOSPI
57,071050.KS,한국금융지주,13151300000000,13.15조,금융,KOSPI
58,272210.KS,한화시스템,12525400000000,12.53조,전기·전자,KOSPI
59,307950.KS,현대오토에버,12094000000000,12.09조,IT 서비스,KOSPI
60,005940.KS,NH투자증권,11313900000000,11.31조,증권,KOSPI
61,000720.KS,현대건설,11269200000000,11.27조,건설,KOSPI
62,323410.KS,카카오뱅크,11069200000000,11.07조,금융,KOSPI
63,259960.KS,크래프톤,10980800000000,10.98조,IT 서비스,KOSPI
64,005830.KS,DB손해보험,10467000000000,10.47조,보험,KOSPI
65,016360.KS,삼성증권,9778400000000,9.78조,증권,KOSPI
66,003490.KS,대한항공,9555300000000,9.56조,운송·창고,KOSPI
67,006260.KS,LS,9531600000000,9.53조,금융,KOSPI
68,352820.KS,하이브,9180800000000,9.18조,오락·문화,KOSPI
69,047050.KS,포스코인터내셔널,8901700000000,8.90조,유통,KOSPI
70,180640.KS,한진칼,8712500000000,8.71조,금융,KOSPI
71,443060.KS,HD현대마린솔루션,8603500000000,8.60조,일반서비스,KOSPI
72,161390.KS,한국타이어앤테크놀로지,8559800000000,8.56조,화학,KOSPI
73,039490.KS,키움증권,8511100000000,8.51조,증권,KOSPI
74,003230.KS,삼양식품,8399300000000,8.40조,음식료·담배,KOSPI
75,028050.KS,삼성E&A,8104600000000,8.10조,일반서비스,KOSPI
76,007660.KS,이수페타시스,7487700000000,7.49조,전기·전자,KOSPI
77,078930.KS,GS,7478100000000,7.48조,금융,KOSPI
78,090430.KS,아모레퍼시픽,7130300000000,7.13조,화학,KOSPI
79,064400.KS,LG씨엔에스,6675400000000,6.68조,IT 서비스,KOSPI
80,047040.KS,대우건설,6595100000000,6.60조,건설,KOSPI
81,021240.KS,코웨이,6510600000000,6.51조,일반서비스,KOSPI
82,000880.KS,한화,6472600000000,6.47조,화학,KOSPI
83,326030.KS,SK바이오팜,6194600000000,6.19조,일반서비스,KOSPI
84,032640.KS,LG유플러스,6154200000000,6.15조,통신,KOSPI
85,267270.KS,HD건설기계,6129200000000,6.13조,기계·장비,KOSPI
86,241560.KS,두산밥캣,5856800000000,5.86조,기계·장비,KOSPI
87,353200.KS,대덕전자,5732400000000,5.73조,전기·전자,KOSPI
88,138930.KS,BNK금융지주,5638600000000,5.64조,금융,KOSPI
89,001440.KS,대한전선,5585800000000,5.59조,전기·전자,KOSPI
90,029780.KS,삼성카드,5578600000000,5.58조,금융,KOSPI
91,004170.KS,신세계,5506500000000,5.51조,유통,KOSPI
92,009830.KS,한화솔루션,5492000000000,5.49조,화학,KOSPI
93,000100.KS,유한양행,5400100000000,5.40조,제약,KOSPI
94,377300.KS,카카오페이,5363500000000,5.36조,금융,KOSPI
95,271560.KS,오리온,5285000000000,5.29조,음식료·담배,KOSPI
96,175330.KS,JB금융지주,5242900000000,5.24조,금융,KOSPI
97,034220.KS,LG디스플레이,5215000000000,5.21조,전기·전자,KOSPI
98,062040.KS,산일전기,5183300000000,5.18조,전기·전자,KOSPI
99,036570.KS,엔씨소프트,5138200000000,5.14조,IT 서비스,KOSPI
100,000990.KS,DB하이텍,4863800000000,4.86조,전기·전자,KOSPI
101,128940.KS,한미약품,4849000000000,4.85조,제약,KOSPI
102,088980.KS,맥쿼리인프라,4837100000000,4.84조,인프라투용,KOSPI
103,454910.KS,두산로보틱스,4569800000000,4.57조,기계·장비,KOSPI
104,011790.KS,SKC,4379500000000,4.38조,화학,KOSPI
105,023530.KS,롯데쇼핑,4370600000000,4.37조,유통,KOSPI
106,001040.KS,CJ,4166500000000,4.17조,금융,KOSPI
107,066970.KS,엘앤에프,4149600000000,4.15조,전기·전자,KOSPI
108,000500.KS,가온전선,4119200000000,4.12조,전기·전자,KOSPI
109,082740.KS,한화엔진,3863600000000,3.86조,기계·장비,KOSPI
110,010060.KS,OCI홀딩스,3827400000000,3.83조,금융,KOSPI
111,088350.KS,한화생명,3795500000000,3.80조,보험,KOSPI
112,111770.KS,영원무역,3739900000000,3.74조,유통,KOSPI
113,002380.KS,KCC,3720700000000,3.72조,화학,KOSPI
114,051900.KS,LG생활건강,3713900000000,3.71조,화학,KOSPI
115,052690.KS,한전기술,3711200000000,3.71조,일반서비스,KOSPI
116,004020.KS,현대제철,3603000000000,3.60조,금속,KOSPI
117,018880.KS,한온시스템,3550900000000,3.55조,기계·장비,KOSPI
118,012510.KS,더존비즈온,3494900000000,3.49조,IT 서비스,KOSPI
119,069960.KS,현대백화점,3402900000000,3.40조,유통,KOSPI
120,001450.KS,현대해상,3307600000000,3.31조,보험,KOSPI
121,035250.KS,강원랜드,3149200000000,3.15조,오락·문화,KOSPI
122,251270.KS,넷마블,3129900000000,3.13조,IT 서비스,KOSPI
123,383220.KS,F&F,3068400000000,3.07조,섬유·의류,KOSPI
124,036460.KS,한국가스공사,3009400000000,3.01조,전기·가스,KOSPI
125,336260.KS,두산퓨얼셀,2970100000000,2.97조,전기·전자,KOSPI
126,011780.KS,금호석유화학,2966000000000,2.97조,화학,KOSPI
127,031210.KS,서울보증보험,2956900000000,2.96조,보험,KOSPI
128,103590.KS,일진전기,2937400000000,2.94조,전기·전자,KOSPI
129,139130.KS,iM금융지주,2920200000000,2.92조,금융,KOSPI
130,009420.KS,한올바이오파마,2904600000000,2.90조,제약,KOSPI
131,097950.KS,CJ제일제당,2882900000000,2.88조,음식료·담배,KOSPI
132,022100.KS,포스코DX,2856700000000,2.86조,일반서비스,KOSPI
133,014680.KS,한솔케미칼,2846800000000,2.85조,화학,KOSPI
134,302440.KS,SK바이오사이언스,2828400000000,2.83조,제약,KOSPI
135,028670.KS,팬오션,2811800000000,2.81조,운송·창고,KOSPI
136,161890.KS,한국콜마,2752400000000,2.75조,화학,KOSPI
137,012750.KS,에스원,2724500000000,2.72조,일반서비스,KOSPI
138,017800.KS,현대엘리베이터,2685600000000,2.69조,기계·장비,KOSPI
139,450080.KS,에코프로머티,2634300000000,2.63조,전기·전자,KOSPI
140,011170.KS,롯데케미칼,2605000000000,2.60조,화학,KOSPI
141,006360.KS,GS건설,2546000000000,2.55조,건설,KOSPI
142,026960.KS,동서,2522400000000,2.52조,유통,KOSPI
143,005850.KS,에스엘,2512900000000,2.51조,운송장비·부품,KOSPI
144,009970.KS,영원무역홀딩스,2505300000000,2.51조,금융,KOSPI
145,483650.KS,달바글로벌,2503200000000,2.50조,화학,KOSPI
146,001720.KS,신영증권,2495600000000,2.50조,증권,KOSPI
147,003690.KS,코리안리,2493500000000,2.49조,보험,KOSPI
148,004800.KS,효성,2472600000000,2.47조,금융,KOSPI
149,081660.KS,미스토홀딩스,2399800000000,2.40조,유통,KOSPI
150,000240.KS,한국앤컴퍼니,2344900000000,2.34조,금융,KOSPI
151,375500.KS,DL이앤씨,2333200000000,2.33조,건설,KOSPI
152,004990.KS,롯데지주,2312200000000,2.31조,금융,KOSPI
153,279570.KS,케이뱅크,2300300000000,2.30조,금융,KOSPI
154,008930.KS,한미사이언스,2291100000000,2.29조,금융,KOSPI
155,139480.KS,이마트,2284900000000,2.28조,유통,KOSPI
156,085620.KS,미래에셋생명,2262900000000,2.26조,보험,KOSPI
157,007070.KS,GS리테일,2261600000000,2.26조,유통,KOSPI
158,204320.KS,HL만도,2239900000000,2.24조,운송장비·부품,KOSPI
159,489790.KS,한화비전,2221500000000,2.22조,전기·전자,KOSPI
160,282330.KS,BGF리테일,2205400000000,2.21조,유통,KOSPI
161,007340.KS,DN오토모티브,2197100000000,2.20조,전기·전자,KOSPI
162,004370.KS,농심,2171500000000,2.17조,음식료·담배,KOSPI
163,030000.KS,제일기획,2162800000000,2.16조,일반서비스,KOSPI
164,005440.KS,현대지에프홀딩스,2142100000000,2.14조,금융,KOSPI
165,192820.KS,코스맥스,2097400000000,2.10조,화학,KOSPI
166,073240.KS,금호타이어,2048200000000,2.05조,화학,KOSPI
167,462870.KS,시프트업,2032400000000,2.03조,IT 서비스,KOSPI
168,071970.KS,HD현대마린엔진,2028500000000,2.03조,기계·장비,KOSPI
169,018670.KS,SK가스,2027300000000,2.03조,유통,KOSPI
170,051600.KS,한전KPS,1977800000000,1.98조,건설,KOSPI
171,008770.KS,호텔신라,1950600000000,1.95조,유통,KOSPI
172,457190.KS,이수스페셜티케미컬,1846400000000,1.85조,화학,KOSPI
173,002790.KS,아모레퍼시픽홀딩스,1842600000000,1.84조,화학,KOSPI
174,281820.KS,케이씨텍,1813600000000,1.81조,의료·정밀기기,KOSPI
175,439260.KS,대한조선,1784500000000,1.78조,운송장비·부품,KOSPI
176,020150.KS,롯데에너지머티리얼즈,1764700000000,1.76조,전기·전자,KOSPI
177,112610.KS,씨에스윈드,1754300000000,1.75조,금속,KOSPI
178,103140.KS,풍산,1751500000000,1.75조,금속,KOSPI
179,395400.KS,SK리츠,1709800000000,1.71조,리츠,KOSPI
180,007810.KS,코리아써키트,1693200000000,1.69조,전기·전자,KOSPI
181,000120.KS,CJ대한통운,1681300000000,1.68조,운송·창고,KOSPI
182,475150.KS,SK이터닉스,1674400000000,1.67조,건설,KOSPI
183,001740.KS,SK네트웍스,1644900000000,1.64조,유통,KOSPI
184,011210.KS,현대위아,1634400000000,1.63조,운송장비·부품,KOSPI
185,001800.KS,오리온홀딩스,1606200000000,1.61조,금융,KOSPI
186,120110.KS,코오롱인더,1596100000000,1.60조,화학,KOSPI
187,023590.KS,다우기술,1543200000000,1.54조,IT 서비스,KOSPI
188,006040.KS,동원산업,1538300000000,1.54조,금융,KOSPI
189,069620.KS,대웅제약,1536400000000,1.54조,제약,KOSPI
190,001120.KS,LX인터내셔널,1463200000000,1.46조,유통,KOSPI
191,097230.KS,HJ중공업,1453800000000,1.45조,건설,KOSPI
192,020560.KS,아시아나항공,1444000000000,1.44조,운송·창고,KOSPI
193,006280.KS,녹십자,1402400000000,1.40조,제약,KOSPI
194,322000.KS,HD현대에너지솔루션,1365300000000,1.37조,전기·전자,KOSPI
195,093370.KS,후성,1334300000000,1.33조,화학,KOSPI
196,229640.KS,LS에코에너지,1312300000000,1.31조,금융,KOSPI
197,415640.KS,KB발해인프라,1307600000000,1.31조,인프라투용,KOSPI
198,192080.KS,더블유게임즈,1302200000000,1.30조,IT 서비스,KOSPI
199,005070.KS,코스모신소재,1288700000000,1.29조,화학,KOSPI
200,181710.KS,NHN,1272500000000,1.27조,IT 서비스,KOSPI
201,017960.KS,한국카본,1271200000000,1.27조,금속,KOSPI
202,003540.KS,대신증권,1263200000000,1.26조,증권,KOSPI
203,007310.KS,오뚜기,1246400000000,1.25조,음식료·담배,KOSPI
204,089860.KS,롯데렌탈,1241800000000,1.24조,일반서비스,KOSPI
205,012630.KS,HDC,1206800000000,1.21조,금융,KOSPI
206,082640.KS,동양생명,1206400000000,1.21조,보험,KOSPI
207,004000.KS,롯데정밀화학,1193300000000,1.19조,화학,KOSPI
208,294870.KS,HDC현대산업개발,1183700000000,1.18조,건설,KOSPI
209,361610.KS,SK아이이테크놀로지,1180200000000,1.18조,전기·전자,KOSPI
210,298020.KS,효성티앤씨,1177100000000,1.18조,화학,KOSPI
211,034230.KS,파라다이스,1169900000000,1.17조,오락·문화,KOSPI
212,032350.KS,롯데관광개발,1166400000000,1.17조,일반서비스,KOSPI
213,003570.KS,SNT다이내믹스,1137200000000,1.14조,운송장비·부품,KOSPI
214,030610.KS,교보증권,1120300000000,1.12조,증권,KOSPI
215,001430.KS,세아베스틸지주,1070500000000,1.07조,금속,KOSPI
216,300720.KS,한일시멘트,1053200000000,1.05조,비금속,KOSPI
217,000080.KS,하이트진로,1049200000000,1.05조,음식료·담배,KOSPI
218,057050.KS,현대홈쇼핑,1047600000000,1.05조,유통,KOSPI
219,077970.KS,STX엔진,1033800000000,1.03조,기계·장비,KOSPI
220,330590.KS,롯데리츠,1014300000000,1.01조,리츠,KOSPI
221,003090.KS,대웅,1004700000000,1.00조,제약,KOSPI
222,195870.KS,해성디에스,999600000000,9996억,전기·전자,KOSPI
223,280360.KS,롯데웰푸드,984000000000,9840억,음식료·담배,KOSPI
224,003530.KS,한화투자증권,981600000000,9816억,증권,KOSPI
225,001820.KS,삼화콘덴서공업,978200000000,9782억,전기·전자,KOSPI
226,185750.KS,종근당,964800000000,9648억,제약,KOSPI
227,000210.KS,DL,957700000000,9577억,화학,KOSPI
228,003240.KS,태광산업,954200000000,9542억,화학,KOSPI
229,005300.KS,롯데칠성음료,945500000000,9455억,음식료·담배,KOSPI
230,009450.KS,경동나비엔,926600000000,9266억,전기·전자,KOSPI
231,192400.KS,쿠쿠홀딩스,897900000000,8979억,금융,KOSPI
232,499790.KS,GS피앤엘,872600000000,8726억,금융,KOSPI
233,003470.KS,유안타증권,857400000000,8574억,증권,KOSPI
234,006340.KS,대원전선,857100000000,8571억,전기·전자,KOSPI
235,006120.KS,SK디스커버리,850700000000,8507억,금융,KOSPI
236,451800.KS,한화리츠,846800000000,8468억,리츠,KOSPI
237,100090.KS,SK오션플랜트,843500000000,8435억,금속,KOSPI
238,456040.KS,OCI,822700000000,8227억,화학,KOSPI
239,009240.KS,한샘,814300000000,8143억,유통,KOSPI
240,030190.KS,NICE평가정보,811800000000,8118억,IT 서비스,KOSPI
241,036530.KS,SNT홀딩스,801300000000,8013억,금융,KOSPI
242,365550.KS,ESR켄달스퀘어리츠,781300000000,7813억,리츠,KOSPI
243,071320.KS,지역난방공사,768800000000,7688억,전기·가스,KOSPI
244,137310.KS,에스디바이오센서,757100000000,7571억,의료·정밀기기,KOSPI
245,004490.KS,세방전지,751200000000,7512억,전기·전자,KOSPI
246,214320.KS,이노션,743600000000,7436억,일반서비스,KOSPI
247,079160.KS,CJ CGV,726900000000,7269억,오락·문화,KOSPI
248,000400.KS,롯데손해보험,710700000000,7107억,보험,KOSPI
249,003850.KS,보령,703500000000,7035억,제약,KOSPI
250,000370.KS,한화손해보험,700400000000,7004억,보험,KOSPI
251,064960.KS,SNT모티브,695400000000,6954억,운송장비·부품,KOSPI
252,006650.KS,대한유화,692300000000,6923억,화학,KOSPI
253,285130.KS,SK케미칼,691100000000,6911억,화학,KOSPI
254,005690.KS,파미셀,690000000000,6900억,전기·전자,KOSPI
255,248070.KS,솔루엠,689500000000,6895억,전기·전자,KOSPI
256,002350.KS,넥센타이어,681700000000,6817억,화학,KOSPI
257,000670.KS,영풍,661900000000,6619억,금속,KOSPI
258,025540.KS,한국단자공업,658500000000,6585억,전기·전자,KOSPI
259,093050.KS,LF,653500000000,6535억,섬유·의류,KOSPI
260,002960.KS,한국쉘석유,651300000000,6513억,화학,KOSPI
261,075580.KS,세진중공업,650400000000,6504억,운송장비·부품,KOSPI
262,298050.KS,HS효성첨단소재,646000000000,6460억,화학,KOSPI
263,114090.KS,GKL,640800000000,6408억,오락·문화,KOSPI
264,001570.KS,금양,633300000000,6333억,화학,KOSPI
265,069260.KS,티케이지휴켐스,632800000000,6328억,화학,KOSPI
266,293940.KS,신한알파리츠,628900000000,6289억,리츠,KOSPI
267,090460.KS,비에이치,621300000000,6213억,전기·전자,KOSPI
268,108320.KS,LX세미콘,619700000000,6197억,전기·전자,KOSPI
269,006380.KS,카프로,618500000000,6185억,화학,KOSPI
270,317450.KS,명인제약,618300000000,6183억,제약,KOSPI
271,005880.KS,대한해운,616800000000,6168억,운송·창고,KOSPI
272,005180.KS,빙그레,616400000000,6164억,음식료·담배,KOSPI
273,001680.KS,대상,608100000000,6081억,음식료·담배,KOSPI
274,006110.KS,삼아알미늄,600400000000,6004억,금속,KOSPI
275,003160.KS,디아이,597100000000,5971억,의료·정밀기기,KOSPI
276,453340.KS,현대그린푸드,593300000000,5933억,유통,KOSPI
277,010780.KS,아이에스동서,588600000000,5886억,비금속,KOSPI
278,383800.KS,LX홀딩스,582800000000,5828억,금융,KOSPI
279,007700.KS,F&F 홀딩스,580800000000,5808억,금융,KOSPI
280,014820.KS,동원시스템즈,579800000000,5798억,화학,KOSPI
281,017940.KS,E1,578300000000,5783억,유통,KOSPI
282,002840.KS,미원상사,570000000000,5700억,화학,KOSPI
283,003620.KS,KG모빌리티,566600000000,5666억,운송장비·부품,KOSPI
284,001270.KS,부국증권,563100000000,5631억,증권,KOSPI
285,000640.KS,동아쏘시오홀딩스,562800000000,5628억,금융,KOSPI
286,001060.KS,JW중외제약,562400000000,5624억,제약,KOSPI
287,033240.KS,자화전자,559600000000,5596억,전기·전자,KOSPI
288,100840.KS,SNT에너지,554200000000,5542억,기계·장비,KOSPI
289,002990.KS,금호건설,548100000000,5481억,건설,KOSPI
290,094800.KS,맵스리얼티,544900000000,5449억,,KOSPI
291,001510.KS,SK증권,535400000000,5354억,증권,KOSPI
292,005090.KS,SGC에너지,535300000000,5353억,전기·가스,KOSPI
293,336370.KS,솔루스첨단소재,535100000000,5351억,전기·전자,KOSPI
294,178920.KS,PI첨단소재,532100000000,5321억,화학,KOSPI
295,268280.KS,미원에스씨,518500000000,5185억,화학,KOSPI
296,002020.KS,코오롱,517600000000,5176억,금융,KOSPI
297,003300.KS,한일홀딩스,512700000000,5127억,비금속,KOSPI
298,016380.KS,KG스틸,508000000000,5080억,금속,KOSPI
299,001500.KS,현대차증권,497100000000,4971억,증권,KOSPI
300,448730.KS,삼성FN리츠,496200000000,4962억,리츠,KOSPI
301,058650.KS,세아홀딩스,495100000000,4951억,금속,KOSPI
302,001530.KS,디아이동일,494100000000,4941억,유통,KOSPI
303,079900.KS,전진건설로봇,492500000000,4925억,기계·장비,KOSPI
304,039130.KS,하나투어,487900000000,4879억,일반서비스,KOSPI
305,005810.KS,풍산홀딩스,484400000000,4844억,금융,KOSPI
306,020000.KS,한섬,478900000000,4789억,섬유·의류,KOSPI
307,009410.KS,태영건설,475500000000,4755억,건설,KOSPI
308,145990.KS,삼양사,475400000000,4754억,음식료·담배,KOSPI
309,284740.KS,쿠쿠홈시스,471200000000,4712억,일반서비스,KOSPI
310,377740.KS,바이오노트,470200000000,4702억,제약,KOSPI
311,002240.KS,고려제강,463100000000,4631억,금속,KOSPI
312,005250.KS,녹십자홀딩스,460900000000,4609억,일반서비스,KOSPI
313,249420.KS,일동제약,460300000000,4603억,제약,KOSPI
314,161000.KS,애경케미칼,453900000000,4539억,화학,KOSPI
315,008060.KS,대덕,448300000000,4483억,금융,KOSPI
316,000070.KS,삼양홀딩스,440200000000,4402억,금융,KOSPI
317,034310.KS,NICE,430100000000,4301억,일반서비스,KOSPI
318,003030.KS,세아제강지주,429500000000,4295억,금융,KOSPI
319,031430.KS,신세계인터내셔날,425100000000,4251억,유통,KOSPI
320,003280.KS,흥아해운,424800000000,4248억,운송·창고,KOSPI
321,014830.KS,유니드,420300000000,4203억,화학,KOSPI
322,460860.KS,동국제강,417700000000,4177억,금속,KOSPI
323,001200.KS,유진증권,416500000000,4165억,증권,KOSPI
324,004700.KS,조광피혁,415600000000,4156억,섬유·의류,KOSPI
325,072710.KS,농심홀딩스,415500000000,4155억,금융,KOSPI
326,019170.KS,신풍제약,414100000000,4141억,제약,KOSPI
327,004690.KS,삼천리,411300000000,4113억,전기·가스,KOSPI
328,417310.KS,코람코더원리츠,404800000000,4048억,리츠,KOSPI
329,016610.KS,DB증권,396900000000,3969억,증권,KOSPI
330,029530.KS,신도리코,395400000000,3954억,전기·전자,KOSPI
331,357120.KS,코람코라이프인프라리츠,391300000000,3913억,리츠,KOSPI
332,003000.KS,부광약품,389200000000,3892억,제약,KOSPI
333,016590.KS,신대양제지,386100000000,3861억,종이·목재,KOSPI
334,015360.KS,INVENI,385000000000,3850억,일반서비스,KOSPI
335,452260.KS,한화갤러리아,380000000000,3800억,유통,KOSPI
336,027410.KS,BGF,379000000000,3790억,금융,KOSPI
337,381970.KS,케이카,377400000000,3774억,유통,KOSPI
338,403550.KS,쏘카,377100000000,3771억,일반서비스,KOSPI
339,006220.KS,제주은행,373100000000,3731억,금융,KOSPI
340,005420.KS,코스모화학,372600000000,3726억,화학,KOSPI
341,009900.KS,명신산업,371500000000,3715억,운송장비·부품,KOSPI
342,005950.KS,이수화학,368100000000,3681억,화학,KOSPI
343,105630.KS,한세실업,366000000000,3660억,섬유·의류,KOSPI
344,002030.KS,아세아,361900000000,3619억,일반서비스,KOSPI
345,271940.KS,일진하이솔루스,361300000000,3613억,운송장비·부품,KOSPI
346,092230.KS,KPX홀딩스,361200000000,3612억,화학,KOSPI
347,344820.KS,케이씨씨글라스,360900000000,3609억,비금속,KOSPI
348,001940.KS,KISCO홀딩스,356500000000,3565억,금속,KOSPI
349,002810.KS,삼영무역,355100000000,3551억,유통,KOSPI
350,017900.KS,광전자,354600000000,3546억,전기·전자,KOSPI
351,130660.KS,한전산업,350500000000,3505억,일반서비스,KOSPI
352,170900.KS,동아에스티,350200000000,3502억,제약,KOSPI
353,194370.KS,제이에스코퍼레이션,350200000000,3502억,섬유·의류,KOSPI
354,004710.KS,한솔테크닉스,347800000000,3478억,전기·전자,KOSPI
355,089590.KS,제주항공,347600000000,3476억,운송·창고,KOSPI
356,017810.KS,풀무원,344600000000,3446억,음식료·담배,KOSPI
357,060980.KS,HL홀딩스,344500000000,3445억,금융,KOSPI
358,008730.KS,율촌화학,344000000000,3440억,화학,KOSPI
359,145720.KS,덴티움,343700000000,3437억,의료·정밀기기,KOSPI
360,037710.KS,광주신세계,343600000000,3436억,유통,KOSPI
361,306200.KS,세아제강,340600000000,3406억,금속,KOSPI
362,104700.KS,한국철강,335000000000,3350억,금속,KOSPI
363,183190.KS,아세아시멘트,331400000000,3314억,비금속,KOSPI
364,011930.KS,신성이엔지,330200000000,3302억,전기·전자,KOSPI
365,007690.KS,국도화학,329700000000,3297억,화학,KOSPI
366,009160.KS,SIMPAC,327500000000,3275억,금속,KOSPI
367,005610.KS,SPC삼립,327000000000,3270억,음식료·담배,KOSPI
368,029460.KS,케이씨,323500000000,3235억,의료·정밀기기,KOSPI
369,126560.KS,현대퓨처넷,318900000000,3189억,통신,KOSPI
370,950210.KS,프레스티지바이오파마,318500000000,3185억,,KOSPI
371,097520.KS,엠씨넥스,315800000000,3158억,전기·전자,KOSPI
372,012030.KS,DB,312800000000,3128억,IT 서비스,KOSPI
373,005720.KS,넥센,312600000000,3126억,화학,KOSPI
374,002310.KS,아세아제지,310100000000,3101억,종이·목재,KOSPI
375,026890.KS,스틱인베스트먼트,306300000000,3063억,금융,KOSPI
376,016800.KS,퍼시스,303000000000,3030억,제조,KOSPI
377,011760.KS,현대코퍼레이션,301000000000,3010억,유통,KOSPI
378,009290.KS,광동제약,300300000000,3003억,제약,KOSPI
379,018250.KS,애경산업,299800000000,2998억,화학,KOSPI
380,126720.KS,수산인더스트리,299300000000,2993억,건설,KOSPI
381,010690.KS,화신,294000000000,2940억,운송장비·부품,KOSPI
382,024720.KS,콜마홀딩스,293200000000,2932억,금융,KOSPI
383,004430.KS,송원산업,291800000000,2918억,화학,KOSPI
384,200880.KS,서연이화,291400000000,2914억,운송장비·부품,KOSPI
385,108670.KS,LX하우시스,287900000000,2879억,화학,KOSPI
386,005680.KS,삼영전자공업,287800000000,2878억,전기·전자,KOSPI
387,105840.KS,우진,286200000000,2862억,의료·정밀기기,KOSPI
388,025860.KS,남해화학,285700000000,2857억,화학,KOSPI
389,192650.KS,드림텍,285600000000,2856억,전기·전자,KOSPI
390,034830.KS,한국토지신탁,282000000000,2820억,금융,KOSPI
391,096760.KS,JW홀딩스,282000000000,2820억,금융,KOSPI
392,010820.KS,퍼스텍,280400000000,2804억,금속,KOSPI
393,092790.KS,넥스틸,277200000000,2772억,금속,KOSPI
394,123890.KS,한국자산신탁,277200000000,2772억,금융,KOSPI
395,033270.KS,유나이티드,276800000000,2768억,제약,KOSPI
396,058430.KS,포스코스틸리온,276600000000,2766억,금속,KOSPI
397,015860.KS,일진홀딩스,276300000000,2763억,금융,KOSPI
398,001390.KS,KG케미칼,276300000000,2763억,화학,KOSPI
399,017390.KS,서울도시가스,274200000000,2742억,전기·가스,KOSPI
400,272450.KS,진에어,272000000000,2720억,운송·창고,KOSPI
401,091810.KS,티웨이항공,266400000000,2664억,운송·창고,KOSPI
402,084690.KS,대상홀딩스,265100000000,2651억,금융,KOSPI
403,003960.KS,사조대림,264900000000,2649억,음식료·담배,KOSPI
404,217590.KS,티엠씨,264600000000,2646억,전기·전자,KOSPI
405,001230.KS,동국홀딩스,261600000000,2616억,금융,KOSPI
406,002900.KS,TYM,260000000000,2600억,기계·장비,KOSPI
407,003120.KS,일성아이에스,259100000000,2591억,제약,KOSPI
408,078520.KS,에이블씨엔씨,257500000000,2575억,화학,KOSPI
409,084010.KS,대한제강,256400000000,2564억,금속,KOSPI
410,298000.KS,효성화학,254100000000,2541억,화학,KOSPI
411,003920.KS,남양유업,252900000000,2529억,음식료·담배,KOSPI
412,001750.KS,한양증권,252400000000,2524억,증권,KOSPI
413,286940.KS,롯데이노베이트,251500000000,2515억,IT 서비스,KOSPI
414,005430.KS,한국공항,248200000000,2482억,운송·창고,KOSPI
415,244920.KS,에이플러스에셋,245300000000,2453억,금융,KOSPI
416,122900.KS,아이마켓코리아,244700000000,2447억,유통,KOSPI
417,298690.KS,에어부산,244700000000,2447억,운송·창고,KOSPI
418,001790.KS,대한제당,244100000000,2441억,음식료·담배,KOSPI
419,005500.KS,삼진제약,242400000000,2424억,제약,KOSPI
420,002320.KS,한진,242200000000,2422억,운송·창고,KOSPI
421,003650.KS,미창석유공업,242000000000,2420억,화학,KOSPI
422,004360.KS,세방,241200000000,2412억,운송·창고,KOSPI
423,007160.KS,사조산업,240800000000,2408억,음식료·담배,KOSPI
424,900140.KS,엘브이엠씨,239400000000,2394억,외국증권,KOSPI
425,001340.KS,PKC,239100000000,2391억,화학,KOSPI
426,002710.KS,TCC스틸,238300000000,2383억,금속,KOSPI
427,334890.KS,이지스밸류플러스리츠,237200000000,2372억,리츠,KOSPI
428,003200.KS,일신방직,236900000000,2369억,섬유·의류,KOSPI
429,003070.KS,코오롱글로벌,234400000000,2344억,건설,KOSPI
430,136490.KS,선진,233800000000,2338억,음식료·담배,KOSPI
431,348950.KS,제이알글로벌리츠,233300000000,2333억,리츠,KOSPI
432,484870.KS,엠앤씨솔루션,232500000000,2325억,기계·장비,KOSPI
433,008490.KS,서흥,231400000000,2314억,화학,KOSPI
434,000430.KS,대원강업,231300000000,2313억,운송장비·부품,KOSPI
435,000480.KS,시알홀딩스,228400000000,2284억,비금속,KOSPI
436,000650.KS,천일고속,227500000000,2275억,운송·창고,KOSPI
437,034120.KS,SBS,225000000000,2250억,오락·문화,KOSPI
438,000320.KS,노루홀딩스,224200000000,2242억,금융,KOSPI
439,000050.KS,경방,223700000000,2237억,유통,KOSPI
440,000680.KS,LS네트웍스,223000000000,2230억,유통,KOSPI
441,404990.KS,신한서부티엔디리츠,222900000000,2229억,리츠,KOSPI
442,134380.KS,미원화학,222100000000,2221억,화학,KOSPI
443,044450.KS,KSS해운,220900000000,2209억,운송·창고,KOSPI
444,025000.KS,KPX케미칼,219800000000,2198억,화학,KOSPI
445,001250.KS,GS글로벌,218300000000,2183억,유통,KOSPI
446,226320.KS,잇츠한불,218200000000,2182억,화학,KOSPI
447,475560.KS,더본코리아,217200000000,2172억,유통,KOSPI
448,088260.KS,이리츠코크렙,214400000000,2144억,리츠,KOSPI
449,037270.KS,YG PLUS,214200000000,2142억,IT 서비스,KOSPI
450,033920.KS,무학,214000000000,2140억,음식료·담배,KOSPI
451,004980.KS,성신양회,212600000000,2126억,비금속,KOSPI
452,025560.KS,미래산업,212500000000,2125억,의료·정밀기기,KOSPI
453,432320.KS,KB스타리츠,212000000000,2120억,리츠,KOSPI
454,009680.KS,모토닉,211900000000,2119억,운송장비·부품,KOSPI
455,017860.KS,DS단석,211200000000,2112억,화학,KOSPI
456,000540.KS,흥국화재,209100000000,2091억,보험,KOSPI
457,003520.KS,영진약품,208900000000,2089억,제약,KOSPI
458,001460.KS,BYC,208900000000,2089억,섬유·의류,KOSPI
459,030210.KS,다올투자증권,206200000000,2062억,증권,KOSPI
460,005010.KS,휴스틸,204200000000,2042억,금속,KOSPI
461,028100.KS,동아지질,204200000000,2042억,건설,KOSPI
462,210980.KS,SK디앤디,202600000000,2026억,부동산,KOSPI
463,044820.KS,코스맥스비티아이,201700000000,2017억,금융,KOSPI
464,003720.KS,삼영,200600000000,2006억,화학,KOSPI
465,001630.KS,종근당홀딩스,197600000000,1976억,제약,KOSPI
466,053210.KS,케이티스카이라이프,196500000000,1965억,오락·문화,KOSPI
467,039570.KS,HDC랩스,196000000000,1960억,건설,KOSPI
468,000490.KS,대동,193700000000,1937억,기계·장비,KOSPI
469,117580.KS,대성에너지,193600000000,1936억,전기·가스,KOSPI
470,100250.KS,진양홀딩스,193600000000,1936억,화학,KOSPI
471,035150.KS,백산,193000000000,1930억,화학,KOSPI
472,011500.KS,한농화성,192500000000,1925억,화학,KOSPI
473,000140.KS,하이트진로홀딩스,190300000000,1903억,금융,KOSPI
474,013890.KS,지누스,190100000000,1901억,제조,KOSPI
475,095570.KS,AJ네트웍스,189400000000,1894억,일반서비스,KOSPI
476,128820.KS,대성산업,188400000000,1884억,유통,KOSPI
477,241590.KS,화승엔터프라이즈,186000000000,1860억,섬유·의류,KOSPI
478,317400.KS,자이에스앤디,185800000000,1858억,부동산,KOSPI
479,102460.KS,이연제약,183600000000,1836억,제약,KOSPI
480,339770.KS,교촌에프앤비,183400000000,1834억,유통,KOSPI
481,000860.KS,강남제비스코,183000000000,1830억,화학,KOSPI
482,003350.KS,한국화장품제조,182400000000,1824억,화학,KOSPI
483,016580.KS,환인제약,180800000000,1808억,제약,KOSPI
484,001130.KS,대한제분,180700000000,1807억,음식료·담배,KOSPI
485,462520.KS,조선내화,179800000000,1798억,비금속,KOSPI
486,010580.KS,에스엠벡셀,179700000000,1797억,운송장비·부품,KOSPI
487,001080.KS,만호제강,177600000000,1776억,금속,KOSPI
488,002100.KS,경농,177500000000,1775억,화학,KOSPI
489,234080.KS,JW생명과학,176400000000,1764억,제약,KOSPI
490,007860.KS,서연,176300000000,1763억,금융,KOSPI
491,013580.KS,계룡건설산업,175800000000,1758억,건설,KOSPI
492,102260.KS,동성케미컬,175800000000,1758억,화학,KOSPI
493,003220.KS,대원제약,175400000000,1754억,제약,KOSPI
494,053690.KS,한미글로벌,175300000000,1753억,일반서비스,KOSPI
495,377190.KS,디앤디플랫폼리츠,174700000000,1747억,리츠,KOSPI
496,003460.KS,유화증권,174600000000,1746억,증권,KOSPI
497,035510.KS,신세계I&C,174200000000,1742억,IT 서비스,KOSPI
498,000300.KS,DH오토넥스,174000000000,1740억,운송장비·부품,KOSPI
499,016450.KS,한세예스24홀딩스,170400000000,1704억,섬유·의류,KOSPI
500,033530.KS,SJG세종,168600000000,1686억,운송장비·부품,KOSPI
501,002150.KS,도화엔지니어링,167100000000,1671억,일반서비스,KOSPI
502,101530.KS,해태제과식품,167100000000,1671억,음식료·담배,KOSPI
503,004560.KS,현대비앤지스틸,164500000000,1645억,금속,KOSPI
504,003610.KS,방림,164400000000,1644억,섬유·의류,KOSPI
505,213500.KS,한솔제지,163500000000,1635억,종이·목재,KOSPI
506,002170.KS,삼양통상,163500000000,1635억,섬유·의류,KOSPI
507,009470.KS,삼화전기,163400000000,1634억,전기·전자,KOSPI
508,000390.KS,삼화페인트공업,163200000000,1632억,화학,KOSPI
509,004380.KS,삼익THK,161700000000,1617억,기계·장비,KOSPI
510,005960.KS,동부건설,161500000000,1615억,건설,KOSPI
511,092200.KS,디아이씨,161400000000,1614억,운송장비·부품,KOSPI
512,007570.KS,일양약품,160700000000,1607억,제약,KOSPI
513,487570.KS,HS효성,160600000000,1606억,금융,KOSPI
514,400760.KS,NH올원리츠,159000000000,1590억,리츠,KOSPI
515,031440.KS,신세계푸드,157800000000,1578억,일반서비스,KOSPI
516,015230.KS,대창단조,157700000000,1577억,운송장비·부품,KOSPI
517,001780.KS,알루코,156500000000,1565억,금속,KOSPI
518,016880.KS,웅진,153400000000,1534억,금융,KOSPI
519,014710.KS,사조씨푸드,150000000000,1500억,음식료·담배,KOSPI
520,004310.KS,현대약품,149800000000,1498억,제약,KOSPI
521,090350.KS,노루페인트,149600000000,1496억,화학,KOSPI
522,293480.KS,하나제약,149600000000,1496억,제약,KOSPI
523,000700.KS,유수홀딩스,149500000000,1495억,일반서비스,KOSPI
524,004970.KS,신라교역,148800000000,1488억,미분류,KOSPI
525,000970.KS,한국주철관공업,148700000000,1487억,금속,KOSPI
526,004090.KS,한국석유공업,146600000000,1466억,비금속,KOSPI
527,271980.KS,제일약품,145400000000,1454억,제약,KOSPI
528,071840.KS,롯데하이마트,143500000000,1435억,유통,KOSPI
529,003830.KS,대한화섬,142000000000,1420억,화학,KOSPI
530,000020.KS,동화약품,140500000000,1405억,제약,KOSPI
531,008350.KS,남선알미늄,139100000000,1391억,금속,KOSPI
532,214420.KS,토니모리,138100000000,1381억,화학,KOSPI
533,094280.KS,효성 ITX,137800000000,1378억,일반서비스,KOSPI
534,460850.KS,동국씨엠,137200000000,1372억,금속,KOSPI
535,015890.KS,태경산업,134300000000,1343억,화학,KOSPI
536,003480.KS,한진중공업홀딩스,133300000000,1333억,전기·가스,KOSPI
537,000520.KS,삼일제약,132300000000,1323억,제약,KOSPI
538,006060.KS,화승인더스트리,132200000000,1322억,유통,KOSPI
539,004080.KS,신흥,129700000000,1297억,유통,KOSPI
540,020120.KS,키다리스튜디오,128600000000,1286억,IT 서비스,KOSPI
541,272550.KS,삼양패키징,128500000000,1285억,화학,KOSPI
542,025820.KS,이구산업,127700000000,1277억,금속,KOSPI
543,107590.KS,미원홀딩스,127400000000,1274억,금융,KOSPI
544,013520.KS,화승코퍼레이션,125600000000,1256억,운송장비·부품,KOSPI
545,081000.KS,일진다이아,124700000000,1247억,화학,KOSPI
546,004960.KS,한신공영,123600000000,1236억,건설,KOSPI
547,024090.KS,디씨엠,123500000000,1235억,금속,KOSPI
548,007540.KS,샘표,123400000000,1234억,금융,KOSPI
549,012610.KS,경인양행,123200000000,1232억,화학,KOSPI
550,350520.KS,이지스레지던스리츠,122000000000,1220억,리츠,KOSPI
551,012200.KS,계양전기,121400000000,1214억,기계·장비,KOSPI
552,004150.KS,한솔홀딩스,121000000000,1210억,금융,KOSPI
553,210540.KS,디와이파워,120800000000,1208억,기계·장비,KOSPI
554,089470.KS,HDC현대EP,120700000000,1207억,화학,KOSPI
555,037560.KS,LG헬로비전,120600000000,1206억,오락·문화,KOSPI
556,214390.KS,경보제약,120500000000,1205억,제약,KOSPI
557,009270.KS,신원,120500000000,1205억,섬유·의류,KOSPI
558,077500.KS,유니퀘스트,119200000000,1192억,유통,KOSPI
559,009070.KS,케이씨티시,119000000000,1190억,운송·창고,KOSPI
560,011280.KS,태림포장,118000000000,1180억,종이·목재,KOSPI
561,001520.KS,동양,117800000000,1178억,비금속,KOSPI
562,001360.KS,삼성제약,117500000000,1175억,제약,KOSPI
563,002780.KS,진흥기업,117400000000,1174억,건설,KOSPI
564,002220.KS,한일철강,117200000000,1172억,금속,KOSPI
565,092220.KS,KEC,116600000000,1166억,전기·전자,KOSPI
566,078000.KS,텔코웨어,116500000000,1165억,IT 서비스,KOSPI
567,079430.KS,현대리바트,114200000000,1142억,제조,KOSPI
568,018470.KS,조일알미늄,113700000000,1137억,금속,KOSPI
569,008040.KS,사조동아원,113600000000,1136억,음식료·담배,KOSPI
570,008970.KS,KBI동양철관,113200000000,1132억,금속,KOSPI
571,034590.KS,인천도시가스,112900000000,1129억,전기·가스,KOSPI
572,267290.KS,경동도시가스,112700000000,1127억,전기·가스,KOSPI
573,025620.KS,차AI헬스케어,112500000000,1125억,화학,KOSPI
574,005800.KS,신영와코루,112300000000,1123억,섬유·의류,KOSPI
575,014280.KS,금강공업,111200000000,1112억,금속,KOSPI
576,014530.KS,극동유화,110500000000,1105억,화학,KOSPI
577,011810.KS,STX,109500000000,1095억,유통,KOSPI
578,011690.KS,와이투솔루션,109000000000,1090억,전기·전자,KOSPI
579,014580.KS,태경비케이,109000000000,1090억,비금속,KOSPI
580,004250.KS,엔피씨,108900000000,1089억,화학,KOSPI
581,002460.KS,HS화성,108800000000,1088억,건설,KOSPI
582,120030.KS,조선선재,107800000000,1078억,금속,KOSPI
583,016710.KS,대성홀딩스,107300000000,1073억,일반서비스,KOSPI
584,002390.KS,한독,106500000000,1065억,제약,KOSPI
585,227840.KS,현대코퍼레이션홀딩스,105700000000,1057억,유통,KOSPI
586,010100.KS,한국무브넥스,104400000000,1044억,운송장비·부품,KOSPI
587,019180.KS,티에이치엔,104400000000,1044억,전기·전자,KOSPI
588,012320.KS,경동인베스트,104200000000,1042억,금융,KOSPI
589,017550.KS,수산세보틱스,104100000000,1041억,기계·장비,KOSPI
590,015590.KS,DKME,104100000000,1041억,기계·장비,KOSPI
591,070960.KS,모나용평,103700000000,1037억,일반서비스,KOSPI
592,036580.KS,팜스코,103600000000,1036억,음식료·담배,KOSPI
593,016740.KS,두올,103500000000,1035억,운송장비·부품,KOSPI
594,083420.KS,그린케미칼,103100000000,1031억,화학,KOSPI
595,027970.KS,한국제지,102900000000,1029억,종이·목재,KOSPI
596,002450.KS,삼익악기,102700000000,1027억,제조,KOSPI
597,267850.KS,아시아나IDT,102600000000,1026억,IT 서비스,KOSPI
598,013570.KS,디와이,101900000000,1019억,금융,KOSPI
599,264900.KS,크라운제과,101900000000,1019억,음식료·담배,KOSPI
600,009580.KS,무림P&P,101600000000,1016억,종이·목재,KOSPI
601,248170.KS,샘표식품,101400000000,1014억,음식료·담배,KOSPI
602,012800.KS,대창,101300000000,1013억,금속,KOSPI
603,123690.KS,한국화장품,100900000000,1009억,유통,KOSPI
604,119650.KS,KC코트렐,100800000000,1008억,기계·장비,KOSPI
605,084680.KS,이월드,100300000000,1003억,제조,KOSPI
606,002620.KS,제일파마홀딩스,99800000000,998억,일반서비스,KOSPI
607,035000.KS,HS애드,98700000000,987억,일반서비스,KOSPI
608,021820.KS,세원정공,98600000000,986억,운송장비·부품,KOSPI
609,058730.KS,다스코,97900000000,979억,금속,KOSPI
610,023450.KS,동남합성,97700000000,977억,화학,KOSPI
611,007210.KS,벽산,94500000000,945억,비금속,KOSPI
612,002210.KS,동성제약,94000000000,940억,제약,KOSPI
613,010960.KS,삼호개발,93500000000,935억,건설,KOSPI
614,009190.KS,대양금속,92400000000,924억,금속,KOSPI
615,058850.KS,KTcs,91900000000,919억,IT 서비스,KOSPI
616,067830.KS,세이브존I&C,91700000000,917억,유통,KOSPI
617,014790.KS,HL D&I,91600000000,916억,건설,KOSPI
618,014440.KS,영보화학,89800000000,898억,화학,KOSPI
619,007610.KS,선도전기,89500000000,895억,전기·전자,KOSPI
620,008700.KS,아남전자,89500000000,895억,전기·전자,KOSPI
621,004140.KS,동방,88700000000,887억,운송·창고,KOSPI
622,001260.KS,남광토건,88500000000,885억,건설,KOSPI
623,023000.KS,삼원강재,87800000000,878억,운송장비·부품,KOSPI
624,058860.KS,KTis,87700000000,877억,IT 서비스,KOSPI
625,032560.KS,황금에스티,87600000000,876억,금속,KOSPI
626,004890.KS,동일산업,87300000000,873억,금속,KOSPI
627,008260.KS,NI스틸,87200000000,872억,금속,KOSPI
628,006660.KS,삼성공조,84800000000,848억,운송장비·부품,KOSPI
629,002700.KS,신일전자,84800000000,848억,유통,KOSPI
630,023800.KS,인지컨트롤스,84300000000,843억,운송장비·부품,KOSPI
631,004100.KS,태양금속공업,84000000000,840억,운송장비·부품,KOSPI
632,005740.KS,크라운해태홀딩스,82300000000,823억,금융,KOSPI
633,004840.KS,DRB동일,82000000000,820억,화학,KOSPI
634,002600.KS,조흥,81900000000,819억,음식료·담배,KOSPI
635,013360.KS,일성건설,81800000000,818억,건설,KOSPI
636,000590.KS,CS홀딩스,81600000000,816억,금융,KOSPI
637,019680.KS,대교,81000000000,810억,일반서비스,KOSPI
638,017370.KS,우신시스템,80600000000,806억,기계·장비,KOSPI
639,109070.KS,주성코퍼레이션,80200000000,802억,전기·전자,KOSPI
640,001290.KS,상상인증권,80000000000,800억,증권,KOSPI
641,007980.KS,TP,79900000000,799억,섬유·의류,KOSPI
642,001470.KS,삼부토건,79700000000,797억,건설,KOSPI
643,069730.KS,DSR제강,79500000000,795억,금속,KOSPI
644,006090.KS,사조오양,79000000000,790억,음식료·담배,KOSPI
645,000850.KS,화천기공,77800000000,778억,기계·장비,KOSPI
646,139990.KS,아주스틸,77500000000,775억,금속,KOSPI
647,111380.KS,동인기연,77400000000,774억,섬유·의류,KOSPI
648,363280.KS,티와이홀딩스,77100000000,771억,금융,KOSPI
649,002200.KS,한국수출포장공업,76700000000,767억,종이·목재,KOSPI
650,007590.KS,동방아그로,76700000000,767억,화학,KOSPI
651,009180.KS,한솔로지스틱스,76400000000,764억,운송·창고,KOSPI
652,163560.KS,동일고무벨트,76200000000,762억,화학,KOSPI
653,011700.KS,한신기계공업,75600000000,756억,기계·장비,KOSPI
654,084670.KS,동양고속,75400000000,754억,운송·창고,KOSPI
655,006840.KS,AK홀딩스,74500000000,745억,금융,KOSPI
656,214330.KS,금호에이치티,74300000000,743억,운송장비·부품,KOSPI
657,014160.KS,대영포장,74100000000,741억,종이·목재,KOSPI
658,013700.KS,까뮤이앤씨,73300000000,733억,건설,KOSPI
659,011150.KS,CJ씨푸드,72400000000,724억,음식료·담배,KOSPI
660,013870.KS,지엠비코리아,72000000000,720억,운송장비·부품,KOSPI
661,063160.KS,종근당바이오,71800000000,718억,제약,KOSPI
662,155660.KS,DSR,71600000000,716억,금속,KOSPI
663,002720.KS,국제약품,71400000000,714억,제약,KOSPI
664,001020.KS,페이퍼코리아,71200000000,712억,종이·목재,KOSPI
665,338100.KS,NH프라임리츠,70600000000,706억,리츠,KOSPI
666,006890.KS,태경케미컬,70500000000,705억,화학,KOSPI
667,004440.KS,삼일씨엔에스,69600000000,696억,비금속,KOSPI
668,000180.KS,성창기업지주,68600000000,686억,일반서비스,KOSPI
669,095720.KS,웅진씽크빅,68500000000,685억,일반서비스,KOSPI
670,000230.KS,일동홀딩스,68400000000,684억,제약,KOSPI
671,005750.KS,대림바스,68200000000,682억,비금속,KOSPI
672,009770.KS,삼정펄프,68200000000,682억,종이·목재,KOSPI
673,004720.KS,팜젠사이언스,68100000000,681억,제약,KOSPI
674,001210.KS,금호전기,68100000000,681억,전기·전자,KOSPI
675,079980.KS,휴비스,67900000000,679억,화학,KOSPI
676,001560.KS,제일연마,67000000000,670억,비금속,KOSPI
677,007110.KS,일신석재,66800000000,668억,유통,KOSPI
678,072130.KS,유엔젤,66700000000,667억,IT 서비스,KOSPI
679,100220.KS,비상교육,65600000000,656억,오락·문화,KOSPI
680,016090.KS,대현,64900000000,649억,섬유·의류,KOSPI
681,018500.KS,동원금속,64300000000,643억,운송장비·부품,KOSPI
682,010040.KS,한국내화,63800000000,638억,비금속,KOSPI
683,396690.KS,미래에셋글로벌리츠,63700000000,637억,리츠,KOSPI
684,003780.KS,진양산업,62500000000,625억,화학,KOSPI
685,005870.KS,휴니드테크놀러지스,62100000000,621억,전기·전자,KOSPI
686,068290.KS,삼성출판사,60600000000,606억,오락·문화,KOSPI
687,055490.KS,테이팩스,59800000000,598억,화학,KOSPI
688,111110.KS,호전실업,59800000000,598억,섬유·의류,KOSPI
689,031820.KS,아이티센씨티에스,59600000000,596억,IT 서비스,KOSPI
690,011230.KS,삼화전자공업,59500000000,595억,전기·전자,KOSPI
691,009200.KS,무림페이퍼,59000000000,590억,종이·목재,KOSPI
692,071090.KS,하이스틸,58500000000,585억,금속,KOSPI
693,129260.KS,인터지스,58000000000,580억,운송·창고,KOSPI
694,003680.KS,한성기업,58000000000,580억,음식료·담배,KOSPI
695,010660.KS,화천기계,57800000000,578억,기계·장비,KOSPI
696,004770.KS,써니전자,57700000000,577억,전기·전자,KOSPI
697,101140.KS,인바이오젠,57100000000,571억,유통,KOSPI
698,002760.KS,보락,57100000000,571억,화학,KOSPI
699,006370.KS,대구백화점,57100000000,571억,유통,KOSPI
700,024900.KS,디와이덕양,57000000000,570억,운송장비·부품,KOSPI
701,085310.KS,엔케이,56800000000,568억,금속,KOSPI
702,000220.KS,유유제약,56800000000,568억,제약,KOSPI
703,010770.KS,평화홀딩스,56500000000,565억,운송장비·부품,KOSPI
704,006880.KS,신송홀딩스,56000000000,560억,유통,KOSPI
705,003580.KS,HLB글로벌,55800000000,558억,유통,KOSPI
706,001550.KS,조비,55800000000,558억,화학,KOSPI
707,075180.KS,새론오토모티브,55700000000,557억,운송장비·부품,KOSPI
708,007280.KS,한국특강,55500000000,555억,금속,KOSPI
709,004450.KS,삼화왕관,55300000000,553억,금속,KOSPI
710,092440.KS,기신정기,55200000000,552억,기계·장비,KOSPI
711,003010.KS,혜인,53900000000,539억,유통,KOSPI
712,378850.KS,화승알앤에이,53600000000,536억,운송장비·부품,KOSPI
713,004830.KS,덕성,53300000000,533억,화학,KOSPI
714,002410.KS,범양건영,53200000000,532억,건설,KOSPI
715,004540.KS,깨끗한나라,52800000000,528억,종이·목재,KOSPI
716,007460.KS,에이프로젠,52500000000,525억,제약,KOSPI
717,014910.KS,성문전자,52000000000,520억,전기·전자,KOSPI
718,025530.KS,에스제이엠홀딩스,51400000000,514억,유통,KOSPI
719,123700.KS,에스제이엠,51000000000,510억,운송장비·부품,KOSPI
720,020760.KS,일진디스플,51000000000,510억,전기·전자,KOSPI
721,012690.KS,모나리자,49700000000,497억,종이·목재,KOSPI
722,002630.KS,오리엔트바이오,49700000000,497억,제약,KOSPI
723,004920.KS,씨아이테크,49100000000,491억,전기·전자,KOSPI
724,001620.KS,케이비아이동국실업,48900000000,489억,운송장비·부품,KOSPI
725,004060.KS,SG세계물산,48800000000,488억,유통,KOSPI
726,006980.KS,우성,48800000000,488억,음식료·담배,KOSPI
727,011000.KS,진원생명과학,48500000000,485억,제약,KOSPI
728,009320.KS,아진전자부품,47600000000,476억,운송장비·부품,KOSPI
729,021050.KS,서원,47300000000,473억,금속,KOSPI
730,023810.KS,인팩,47100000000,471억,운송장비·부품,KOSPI
731,026940.KS,부국철강,46500000000,465억,금속,KOSPI
732,372910.KS,한컴라이프케어,46400000000,464억,의료·정밀기기,KOSPI
733,090080.KS,평화산업,46300000000,463억,운송장비·부품,KOSPI
734,069460.KS,대호에이엘,46300000000,463억,금속,KOSPI
735,006490.KS,인스코비,45800000000,458억,통신,KOSPI
736,357250.KS,미래에셋맵스리츠,45800000000,458억,리츠,KOSPI
737,000890.KS,보해양조,45700000000,457억,음식료·담배,KOSPI
738,004910.KS,조광페인트,45500000000,455억,화학,KOSPI
739,000910.KS,유니온,45400000000,454억,비금속,KOSPI
740,023350.KS,한국종합기술,45300000000,453억,일반서비스,KOSPI
741,002920.KS,유성기업,45200000000,452억,운송장비·부품,KOSPI
742,005030.KS,부산주공,45100000000,451억,운송장비·부품,KOSPI
743,074610.KS,이엔플러스,44800000000,448억,기계·장비,KOSPI
744,041650.KS,상신브레이크,44700000000,447억,운송장비·부품,KOSPI
745,003080.KS,SB성보,44300000000,443억,화학,KOSPI
746,092780.KS,DYP,44200000000,442억,운송장비·부품,KOSPI
747,481850.KS,신한글로벌액티브리츠,43800000000,438억,리츠,KOSPI
748,011390.KS,부산산업,43200000000,432억,비금속,KOSPI
749,000950.KS,전방,43100000000,431억,섬유·의류,KOSPI
750,002880.KS,대유에이텍,43000000000,430억,운송장비·부품,KOSPI
751,002140.KS,고려산업,42800000000,428억,음식료·담배,KOSPI
752,008420.KS,문배철강,42500000000,425억,금속,KOSPI
753,047400.KS,유니온머티리얼,41700000000,417억,비금속,KOSPI
754,019490.KS,엑시큐어하이트론,41300000000,413억,전기·전자,KOSPI
755,005360.KS,모나미,41200000000,412억,유통,KOSPI
756,011300.KS,성안머티리얼스,40700000000,407억,섬유·의류,KOSPI
757,011420.KS,갤럭시아에스엠,40500000000,405억,오락·문화,KOSPI
758,017040.KS,광명전기,40400000000,404억,전기·전자,KOSPI
759,017180.KS,명문제약,40300000000,403억,제약,KOSPI
760,012280.KS,영화금속,40300000000,403억,운송장비·부품,KOSPI
761,004410.KS,서울식품공업,39600000000,396억,음식료·담배,KOSPI
762,084870.KS,티비에이치글로벌,39200000000,392억,섬유·의류,KOSPI
763,480370.KS,씨케이솔루션,39000000000,390억,기계·장비,KOSPI
764,134790.KS,시디즈,38200000000,382억,제조,KOSPI
765,036420.KS,콘텐트리중앙,38100000000,381억,오락·문화,KOSPI
766,133820.KS,화인베스틸,37900000000,379억,금속,KOSPI
767,023960.KS,에쓰씨엔지니어링,37900000000,379억,건설,KOSPI
768,008870.KS,금비,37600000000,376억,비금속,KOSPI
769,002870.KS,신풍,37000000000,370억,유통,KOSPI
770,051630.KS,진양화학,36500000000,365억,화학,KOSPI
771,000760.KS,이화산업,35800000000,358억,유통,KOSPI
772,145270.KS,케이탑리츠,35400000000,354억,리츠,KOSPI
773,009140.KS,경인전자,34900000000,349억,전기·전자,KOSPI
774,446070.KS,유니드비티플러스,34800000000,348억,종이·목재,KOSPI
775,007120.KS,미래아이앤지,34700000000,347억,IT 서비스,KOSPI
776,049800.KS,우진플라임,34300000000,343억,기계·장비,KOSPI
777,006570.KS,대림통상,33700000000,337억,금속,KOSPI
778,143210.KS,핸즈코퍼레이션,33600000000,336억,운송장비·부품,KOSPI
779,013000.KS,세우글로벌,33500000000,335억,유통,KOSPI
780,023150.KS,MH에탄올,33500000000,335억,음식료·담배,KOSPI
781,011330.KS,유니켐,32500000000,325억,운송장비·부품,KOSPI
782,027740.KS,마니커,32500000000,325억,음식료·담배,KOSPI
783,005820.KS,원림,32200000000,322억,섬유·의류,KOSPI
784,010400.KS,우진아이엔에스,31400000000,314억,건설,KOSPI
785,010640.KS,진양폴리우레탄,31200000000,312억,화학,KOSPI
786,088790.KS,진도,31100000000,311억,유통,KOSPI
787,002690.KS,동일제강,30900000000,309억,금속,KOSPI
788,001380.KS,SG글로벌,30700000000,307억,운송장비·부품,KOSPI
789,001070.KS,대한방직,30700000000,307억,섬유·의류,KOSPI
790,009460.KS,한창제지,30700000000,307억,종이·목재,KOSPI
791,308170.KS,씨티알모빌리티,30500000000,305억,운송장비·부품,KOSPI
792,009810.KS,플레이그램,30000000000,300억,유통,KOSPI
793,002420.KS,세기상사,30000000000,300억,유통,KOSPI
794,093240.KS,형지엘리트,29700000000,297억,섬유·의류,KOSPI
795,008250.KS,이건산업,29600000000,296억,종이·목재,KOSPI
796,090370.KS,메타랩스,29400000000,294억,섬유·의류,KOSPI
797,025750.KS,한솔홈데코,29300000000,293억,종이·목재,KOSPI
798,012160.KS,영흥,29200000000,292억,금속,KOSPI
799,003060.KS,에이프로젠바이오로직스,28700000000,287억,제약,KOSPI
800,002820.KS,SUN&L,28100000000,281억,화학,KOSPI
801,004870.KS,티웨이홀딩스,28000000000,280억,비금속,KOSPI
802,004270.KS,남성,27900000000,279억,유통,KOSPI
803,024890.KS,대원화성,27700000000,277억,화학,KOSPI
804,005320.KS,온타이드,27600000000,276억,유통,KOSPI
805,030720.KS,동원수산,27500000000,275억,미분류,KOSPI
806,024070.KS,WISCOM,27100000000,271억,화학,KOSPI
807,014990.KS,인디에프,27000000000,270억,섬유·의류,KOSPI
808,118000.KS,메타케어,26700000000,267억,유통,KOSPI
809,005110.KS,한창,26500000000,265억,유통,KOSPI
810,071950.KS,코아스,25400000000,254억,제조,KOSPI
811,014130.KS,한익스프레스,25300000000,253억,운송·창고,KOSPI
812,025890.KS,한국주강,24200000000,242억,기계·장비,KOSPI
813,006740.KS,블루산업개발,23500000000,235억,종이·목재,KOSPI
814,009310.KS,참엔지니어링,23300000000,233억,기계·장비,KOSPI
815,000040.KS,KR모터스,23100000000,231억,운송장비·부품,KOSPI
816,006200.KS,한국전자홀딩스,22900000000,229억,금융,KOSPI
817,001420.KS,태원물산,21100000000,211억,운송장비·부품,KOSPI
818,357430.KS,마스턴프리미어리츠,20700000000,207억,리츠,KOSPI
819,069640.KS,한세엠케이,20500000000,205억,유통,KOSPI
820,002360.KS,SH에너지화학,20300000000,203억,화학,KOSPI
821,015020.KS,이스타코,19900000000,199억,부동산,KOSPI
822,033250.KS,체시스,18700000000,187억,운송장비·부품,KOSPI
823,465770.KS,STX그린로지스,18200000000,182억,운송·창고,KOSPI
824,015260.KS,에이엔피,17900000000,179억,전기·전자,KOSPI
825,008600.KS,윌비스,17600000000,176억,유통,KOSPI
826,009440.KS,KC그린홀딩스,17600000000,176억,금융,KOSPI
827,012170.KS,아센디오,16100000000,161억,오락·문화,KOSPI
828,002070.KS,비비안,14800000000,148억,섬유·의류,KOSPI
829,011090.KS,에넥스,14500000000,145억,제조,KOSPI
830,044380.KS,주연테크,9700000000,97억,전기·전자,KOSPI
831,145210.KS,다이나믹디자인,9500000000,95억,기계·장비,KOSPI
832,001770.KS,SHD,7800000000,78억,금속,KOSPI
